wpsl_id,name,status,permalink,description,excerpt,author,date,address,address2,city,state,zip,country,country_iso,lat,lng,hours,phone,fax,email,url,image,category1455,The Freezer Ministry and Garden Gatherers,publish,the-freezer-ministry-and-garden-gatherers,"<!-- wp:paragraph -->
<p>By Appointment</p>
<!-- /wp:paragraph -->",,5,2025-07-30 18:52:21,1830 Butztown Road,,Bethlehem,,18017,United States,US,40.652881,-75.344869,,610-730-3929,,,,0,1451,INCARNATION OF OUR LORD SVDP,publish,incarnation-of-our-lord-svdp,"<!-- wp:paragraph -->
<p>Open Every 2nd and 4th Saturday, 10AM-12PM</p>
<!-- /wp:paragraph -->",,5,2025-07-30 18:45:41,617 Pierce Street,,Bethlehem,,18015,United States,US,40.608629,-75.369549,,(484) 239-0243,,,,0,1442,Riverbend Food Pantry,publish,riverbend-food-pantry,"<!-- wp:paragraph -->
<p>Open 2nd and 4th Wednesdays 11-12:30 PM</p>
<!-- /wp:paragraph -->",,5,2025-07-30 18:30:12,81 E North Street,,Bethlehem,PA,18018,United States,US,40.623807,-75.375682,,610-984-3036,,,,0,796,St. Ann's Bridge Point Food Pantry,publish,st-anns-bridge-point-food-pantry,"1st &amp; 3rd Thursday of the month, 9:00am - 12:30pm",,4,2024-11-30 00:00:00,123 Richardson Ave,,Shohola,PA,18458,United States,US,41.473362,-74.917543,,570-832-4275,,,,0,801,Iglesia Restauracion Unidos en Cristo Food Pantry,publish,iglesia-restauracion-unidos-en-cristo-food-pantry,Every Saturday; 10 - 11 AM,,4,2024-11-30 00:00:00,34 S. 10th Street,,Allentown,PA,18102,United States,US,40.599537,-75.47769,,(347)-400-2637,,,,0,807,JO'S OUTREACH,draft,jos-outreach,"&nbsp;

Third Wednesday of the month and first Friday of the month, 9:00 AM - 12:00 PM

&nbsp;

&nbsp;",,4,2024-11-30 00:00:00,114 Academy Drive,,Minisink Falls,PA,18324,United States,US,40.997562,-75.133331,,(570) 242-3663,,,,0,Food Pantry806,GREATER SHILOH NORTH,draft,greater-shiloh-north,Second Tuesday of every month; 11am-4pm,,4,2024-11-30 00:00:00,831 B Ann Street,,Stroudsburg,PA,18360,United States,US,40.982197,-75.19694,,(570) 872-9571,,,,0,Food Pantry804,John Morrell Food Pantry,draft,john-morrell-food-pantry,1st and 3rd Saturday; 10:00 - 11:30 AM,,4,2024-11-30 00:00:00,224 W. Susquehanna Street,,Allentown,PA,18103,United States,US,40.590235,-75.456759,,484-347-3834,,,,0,800,Hemlock Farms Food Pantry,draft,hemlock-farms-food-pantry-2,3<sup>rd</sup> Monday of the month;  4:00  -6:30 PM &amp; Available by appointment except on Tuesdays,,4,2024-11-30 00:00:00,98 Willow Rd,,Hawley,PA,18324,United States,US,41.335419,-75.045029,,570-775-6787,,,,0,795,Promise Food & Wellness Center,draft,promise-food,"Wed - Fri 4-7, 1st &amp; 3rd Saturday 9-12

Must order online at https://www.orderahead.org/",,26,2024-11-30 00:00:00,1227 W Gordon St Suite C 41,,Allentown,PA,18102,United States,US,40.604752,-75.486411,,484-229-4388,,,https://www.orderahead.org/,0,794,FOUNTAIN HILL GROCERY PARTNERSHIP,draft,fountain-hill-grocery-partnership,"<span class=""ui-provider fy b c d e f g h i j k l m n o p q r s t u v w x y z ab ac ae af ag ah ai aj ak"" dir=""ltr"">Wednesdays 10AM - 12PM &amp; 4PM - 6PM</span>",,26,2024-11-30 00:00:00,1330 Church St,,Fountain Hill,PA,18015,United States,US,40.598545,-75.396515,,610-865-5881 x29010,,,,0,792,Living Christ Chapel,draft,living-christ-chapel-2,"Open Mondays from 4:30-6:45 PM

Bring your own bag or box.",,26,2024-11-30 00:00:00,429 Long Meadow Rd,,Milford,PA,18337,United States,US,41.267793,-74.885753,,,,,,0,944,ALLENTOWN AREA ECUMENICAL FOOD BANK,publish,allentown-ecumenical,"Monday - Friday,  9:30 - 12:00 PM

Thursday, 4:00 - 6:00 PM",,4,2024-09-12 14:09:47,417 N 14th Street,Suite 101,Allentown,,18102,United States,US,40.606998,-75.471112,,(610) 821-1332,,,,1212,Food Pantry945,EBENEZER NEW REFORMED CHURCH,publish,ebenezer-new-reformed-church,"Tuesday 6:00 - 7:00 PM

emergency calls 7 days a week",,0,2024-09-12 14:09:47,3221 Bingen Road,,Bethlehem,,18015,United States,US,40.554279,-75.34909,,(610) 838-0924,,,,0,Food Pantry932,"FIRST CORINTIOS 13, IGLESIA",publish,first-corintios-13-iglesia,3rd Saturday 10:00 AM - 12:00 PM,,0,2024-09-12 14:09:46,938 South 11 Street,,Allentown,PA,18103,United States,US,40.589183,-75.476309,,(484) 942-4683,,,,0,Food Pantry930,JEFFERSON PLACE,publish,jefferson-place,"1st &amp; 3rd Wednesday of each month;  3:15 - 4:30 PM

Closed June, July &amp; August",,0,2024-09-12 14:09:46,750 St John Street,,Allentown,PA,18103,United States,US,40.591116,-75.468297,,484-765-4233,,,,0,Food Pantry929,JEWISH FAMILY SERVICE,publish,jewish-family-service,"<!-- wp:paragraph -->
<p>Open Wednesday and Thursday 9:30AM-1PM by appointment</p>
<!-- /wp:paragraph -->",,5,2024-09-12 14:09:46,2004 Allen Street,,Allentown,PA,18104,United States,US,40.60288,-75.502543,,(610) 821-8722,,,,0,Food Pantry928,EASTSIDE FOOD PANTRY,publish,mosser-village,"Wednesdays, 11:00 AM - 1:00 PM

Thursdays, 4:00 PM - 6:00 PM

Fridays, 11:00 AM - 1:00 PM",,4,2024-09-12 14:09:46,614 South Carlisle Street,,Allentown,PA,18109,United States,US,40.601927,-75.445125,,(610) 820-4067,,,,1212,Food Pantry927,EVANGELICAL WESLEYAN,publish,evangelical-wesleyan,3rd Saturday 10:00 AM - 12:00 PM,,0,2024-09-12 14:09:46,728 North Irving Street,,Allentown,PA,18109,United States,US,40.620045,-75.442827,,(610) 433-6160,,,,0,Food Pantry926,PENNSYLVANIA AVENUE PANTRY,publish,pennsylvania-avenue-pantry,1st & 3rd Wednesday 6:00 - 8:00 PM,,0,2024-09-12 14:09:46,1900 Pennsylvania Ave,,Allentown,PA,18109,United States,US,40.637478,-75.425814,,(610) 694-9670,,,,0,Food Pantry925,CHRISTIAN EVANGELICAL ARABIC,publish,christian-ev-arabic,Wednesday by appointment.,,0,2024-09-12 14:09:46,338 East Walnut,,Allentown,PA,18109,United States,US,40.608484,-75.446167,,(610) 432-7067,,,,0,Food Pantry924,NEW JERUSALEM LUTHERAN,publish,new-jerusalem-lutheran,3rd &amp; 4th Saturday; 8:30 - 10:30 AM,,0,2024-09-12 14:09:46,3233 Appleschurch Road,,Bethlehem,PA,18015,United States,US,40.555216,-75.342598,,610-838-0731,,,,0,Food Pantry923,HISPANIC CENTER LEHIGH VALLEY,publish,hispanic-center-lehigh-valley,"1st Tuesday; 9:00 - 11:30 AM

2nd Wednesday; 1:00 - 3:00 PM

4th Thursday; 3:00 - 6:00 PM

3rd Saturday; 9:00 AM - 12:00PM

&nbsp;",,0,2024-09-12 14:09:46,520 E 4th Street,,Bethlehem,PA,18015,United States,US,40.610433,-75.371102,,(610) 868-7800,,,,0,Food Pantry933,ST. MARKS LUTHERAN,publish,st-marks-lutheran,2nd Tuesday 10:00 AM - 12:00 PM & 4th Thursday 4:00 - 6:00 PM,,0,2024-09-12 14:09:46,201 East Juniata Street,,Allentown,PA,18103,United States,US,40.589912,-75.448729,,(610) 797-6440,,,,0,Food Pantry934,CEDAR CREST BIBLE,publish,cedar-crest-bible,"1<sup>st</sup> &amp; 3<sup>rd</sup> Thursday, 6:30-8:00 PM, call for an appt. at 10 am the Monday of the food pantry",,0,2024-09-12 14:09:46,1151 South Cedar Crest Blvd,,Allentown,PA,18103,United States,US,40.569832,-75.517386,,484-656-2286,,,,0,Food Pantry931,LA TRINIDAD UNITED METHODIST CHURCH,publish,la-trinidad-umc,1st Sunday; 1:30 - 3:00 PM,,0,2024-09-12 14:09:46,2336 South 9th Street,,Allentown,PA,18103,United States,US,40.571921,-75.466021,,(610) 351-4804,,,,0,Food Pantry942,GRACE COMMUNITY FOUNDATION,publish,grace-episcopal,"Friday 9:00 - 11:00 AM, 3rd &amp; 4th Saturday 9:00 - 11:00 AM",,0,2024-09-12 14:09:46,108 North 5th Street,,Allentown,,18102,United States,US,40.604959,-75.46881,,(610) 435-7245,,,,0,Food Pantry941,SYRIAN ARAB AMERICAN,publish,syrian-arab-american,"Closest Wednesday to the 15th each month, 10:00 AM - 2:00 PM",,0,2024-09-12 14:09:46,608 1/2 North 2nd Street,,Allentown,,18102,United States,US,40.614036,-75.463993,,(610) 432-8002,,,,0,Food Pantry940,7TH DAY ADVENTIST,publish,7th-day-adventist,"Closed until April 1, 2020.",,0,2024-09-12 14:09:46,19 North 2nd Street,,Allentown,,18102,United States,US,40.60616,-75.459991,,(809) 550-0762,,,,0,Food Pantry939,SALEM UNITED METHODIST,publish,salem-united-methodist,1st & 3rd Saturday 9:00 - 11:30 AM,,0,2024-09-12 14:09:46,1401 West Linden Street,,Allentown,PA,18102,United States,US,40.599671,-75.486825,,(610) 432-2577,,,,0,Food Pantry935,ALLENTOWN VICTORY FOOD PANTRY,publish,allentown-victory-fp,3rd Sunday 12:00 - 1:15 PM,,0,2024-09-12 14:09:46,1901 South 12th Street,,Allentown,PA,18103,United States,US,40.577246,-75.474485,,(610) 504-9353,,,,0,Food Pantry938,ALLENTOWN SALVATION ARMY,publish,allentown-salvation-army,"First and third Wednesdays of the month 10:00 -12:00

Third Thursday of the month 3:30 -5:00

&nbsp;",,0,2024-09-12 14:09:46,144 North 8th Street,,Allentown,PA,18102,United States,US,40.604215,-75.475163,,(610) 432-0129,,,,0,Food Pantry937,CITY LIMITS ASSEMBLY OF GOD,publish,city-limits-a-of-g,Thursday 9:00 - 11:00 AM,,0,2024-09-12 14:09:46,302 Ridge Avenue,,Allentown,PA,18102,United States,US,40.610262,-75.460156,,(610) 776-8656,,,,0,Food Pantry936,IGLESIA DE CRISTO MISIONERA FOOD PANTRY,publish,iglesia-de-cristo-mi,Hours of operations : 11:00 AM to 1PM ; 2<sup>nd</sup> and 4<sup>th</sup> Saturday of the month,,0,2024-09-12 14:09:46,1349 Hamilton Street,,Allentown,PA,18102,United States,US,40.598761,-75.485912,,(484) 773-6055,,,,0,Food Pantry912,EASTON SVDP SOCIETY,publish,easton-svdp-society,1st and 3rd Tuesday;  5pm-7pm,,4,2024-09-12 14:09:45,841 Washignton Street,,Easton,PA,18042,United States,US,40.686906,-75.220484,,(610) 253-0814,,,,1212,Food Pantry911,THE NEIGHBORHOOD CENTER,publish,easton-area-nc,"Friday 9:00 AM - 12:00 PM

2nd &amp; 4th Wednesday 4:00 - 6:00 PM",,0,2024-09-12 14:09:45,902 Philadelphia Road,,Easton,PA,18042,United States,US,40.674764,-75.214107,,(610) 253-4253,,,,0,Food Pantry910,GOOD SHEPHERD LUTHERAN,publish,st-pauls-lutheran,2nd &amp; 3rd Thursday; 6:00 - 7:30 PM,,4,2024-09-12 14:09:45,2115 Washington Blvd.,,Easton,PA,18042,United States,US,40.678192,-75.219962,,(610) 258-2612,,,,0,Food Pantry909,SHILOH FOOD PANTRY,publish,shiloh-food-pantry,1st &amp; 3rd Friday 1:00 - 4:00 PM,,0,2024-09-12 14:09:45,201 Thomas Bright Ave,,Easton,PA,18042,United States,US,40.681114,-75.220445,,(610) 252-5640,,,,0,Food Pantry905,Jim Thorpe Food Pantry,publish,ebenezer-e-c-church,"2nd Saturday of each month 9-11

&nbsp;

&nbsp;",,5,2024-09-12 14:09:45,108 Fern Street,,Jim Thorpe,,18229,United States,US,40.873657,-75.731841,,(570) 325-3240,,,,0,Food Pantry907,WHOLE LIFE CENTER,publish,the-fathers-house,2nd &amp; 4th Wednesday; 11:00 AM - 2:00 PM,,0,2024-09-12 14:09:45,1650 Lehigh Street,,Easton,PA,18042,United States,US,40.686753,-75.23506,,(610) 253-1651,,,,0,Food Pantry906,BEAVER MEADOWS,publish,beaver-meadows,Third Saturday 1:00- 2:00,,0,2024-09-12 14:09:45,125 Berwick Street,,Beaver Meadows,,18216,United States,US,40.931366,-75.920985,,(570) 956-5980,,,,0,Food Pantry908,WILSON LINCS FAMILY CENTER,publish,linc-family-center,"<!-- wp:paragraph -->
<p>Open Mondays 10AM-12PM for curbside pickup</p>
<!-- /wp:paragraph -->",,5,2024-09-12 14:09:45,2400 Firmstone Street,,Easton,PA,18042,United States,US,40.671401,-75.242777,,(484) 373-6200,,,,0,Food Pantry914,"PROJECT OF EASTON, INC",publish,project-of-easton-inc,"Monday &amp; Thursday; 10:00 AM - 12:15 PM

Thursday; 1:00 PM - 3:15 PM",,4,2024-09-12 14:09:45,330 Ferry Street,,Easton,PA,18042,United States,US,40.68928,-75.210261,,(610) 258-4361,,,,1212,Food Pantry915,WEST BETHLEHEM / HOLY TRINITY CHURCH,publish,west-bethlehem-holy-trinity-church,Every Wednesday 10:00 AM - 12:00 PM Except Last Wednesday 6:00 - 8:00 PM,,0,2024-09-12 14:09:45,514 3rd Ave,,Bethlehem,PA,18018,United States,US,40.621313,-75.387758,,(610) 865-8216,,,,0,Food Pantry913,EASTON SALVATION ARMY,publish,easton-salvation-army,"Monday, Tuesday, Wednesday, Friday 10AM-2PM",,0,2024-09-12 14:09:45,1110 Northampton Street,,Easton,PA,18042,United States,US,40.689944,-75.224949,,(610) 258-9531,,,,0,Food Pantry922,NEW BETHANY PANTRY,publish,new-bethany-pantry,Monday - Friday 10:30 - 11:30 AM,,5,2024-09-12 14:09:45,380 Shawnee Street,,Bethlehem,PA,18015,United States,US,40.610408,-75.384083,,(610) 691-5602,,,,0,Food Pantry921,NORTHEAST COMMUNITY CENTER,publish,northeast-ministry,"Tuesday &amp; Thursday; 9:30 AM - 12:00 PM

2nd Wednesday; 5:30 - 7:00 PM",,0,2024-09-12 14:09:45,1161 Fritz Drive,,Bethlehem,PA,18017,United States,US,40.63004,-75.352395,,(610) 691-3355,,,,0,Food Pantry920,CALVARY BAPTIST FOOD PANTRY,publish,calvary-baptist-food,Monday & Tuesday 1st Full Week 9:00 - 11:00 AM,,0,2024-09-12 14:09:45,111 Dewberry Avenue,,Bethlehem,PA,18017,United States,US,40.640978,-75.374671,,(610) 365-5300,,,,0,Food Pantry919,SECOND BAPTIST CHURCH,publish,second-baptist-church,"3rd Thursday of every month,  3:00 - 6:00 PM

&nbsp;
<p class=""x_MsoNormal""></p>",,0,2024-09-12 14:09:45,1016 Wood Street,,Bethlehem,PA,18018,United States,US,40.627903,-75.363984,,(610) 691-9783,,,,0,Food Pantry918,BETHLEHEM SALVATION ARMY,publish,bethlehem-salvation-army,"Monday - Wednesday; 9:00 AM - 12:00 PM &amp; 1:00 - 4:00 PM

Thursday and Friday; 9:00 AM - 12:00 PM - Emergency Food Only",,4,2024-09-12 14:09:45,521 Pembroke Road,,Bethlehem,PA,18018,United States,US,40.627119,-75.365983,,(610) 867-4681,,,,1212,Food Pantry917,CENTRAL MORAVIAN FOOD PANTRY,publish,moravian-food-bank,"2nd Friday; 10:00 AM - 2:00 PM

3rd Saturday; 9:00 AM - 12:00 PM

4th Thursday; 10:00 AM - 2:00 PM

&nbsp;",,4,2024-09-12 14:09:45,73 West Church Street,,Bethlehem,PA,18018,United States,US,40.619022,-75.381608,,(610) 866-5661,,,,1212,Food Pantry916,SS SIMON & JUDE,publish,ss-simon-jude,"3rd Saturday of each month, 8:30 - 10:30 AM",,0,2024-09-12 14:09:45,730 West Broad Street,,Bethlehem,PA,18018,United States,US,40.62343,-75.392569,,(610) 866-5582,,,,0,Food Pantry892,CHRISTIAN AWARENESS MINISTRIES ECUMENICAL,publish,came,Monday 8:30 AM - 12:00 PM,,0,2024-09-12 14:09:44,Route 447 High Acres Park,,Canadensis,,18325,United States,US,41.200941,-75.263584,,(570) 595-9141,,,,0,Food Pantry891,COMMUNITY FOOD PANTRY,publish,community-food-pantry,"1st Thursday &amp; 2nd Wednesday; 10:00 AM - 12:00 PM

Every Friday &amp; Saturday; 10:00 AM - 12:00 PM

&nbsp;",,0,2024-09-12 14:09:44,6048 Paradise Valley Road,,Cresco,,18326,United States,US,41.123272,-75.284222,,(570) 595-2000,,,,0,Food Pantry890,EFFORT UNITED METHODIST CHURCH,publish,effort-umc,2nd & 4th Saturday 10:00 AM - 12:00 PM,,0,2024-09-12 14:09:44,178 Merwinsburg Road,,Effort,,18330,United States,US,40.950371,-75.445595,,(570) 629-1890,,,,0,Food Pantry889,SEED OF FAITH MINISTRIES,publish,seed-of-faith-ministries,1st &amp; 3rd Monday; 9:30 - 11:00 AM,,0,2024-09-12 14:09:44,1087 Scenic Drive,,Kunkletown,,18058,United States,US,40.965212,-75.511906,,610-951-4303,,,,0,Food Pantry888,WEST END FOOD PANTRY,publish,west-end-food-pantry,1st & 3rd Saturday 9:00 AM - 12:00 PM,,0,2024-09-12 14:09:44,516 Kunkletown Road,,Kunkletown,,18058,United States,US,40.847884,-75.455089,,(570) 730-6055,,,,0,Food Pantry887,TOP OF THE MOUNTAIN ECUMENICAL,publish,top-of-the-mountain-ec,2nd Monday 8:30 - 11:00 AM &amp; 4:00 - 6:00 PM &amp; the following Tuesday 8:30 - 11:00 AM,,0,2024-09-12 14:09:44,133 Firehouse Road,,Pocono Pines,,18350,United States,US,41.107085,-75.474754,,(570) 646-7456,,,,0,Food Pantry886,"OASIS OF LOVE, INC",publish,oasis-of-love-inc,By Appointment on Saturday's,,0,2024-09-12 14:09:44,814 Monroe Street,,Stroudsburg,,18360,United States,US,40.985925,-75.197442,,(570) 972-0838,,,,0,Food Pantry885,CHRIST EPISCOPAL CHURCH,publish,christ-episcopal-church,4th Monday of every month 6-7:30,,4,2024-09-12 14:09:44,205 North 7th Street,,Stroudsburg,,18360,United States,US,40.98773,-75.195525,,(570) 421-7481,,,,1212,Food Pantry884,POCONO ADVENTIST,publish,pocono-adventist,2nd & 4th Wednesday 4:00 - 6:00 PM,,0,2024-09-12 14:09:44,2023 West Main Street,,Stroudsburg,,18360,United States,US,40.980452,-75.228651,,(570) 664-3491,,,,0,Food Pantry893,BUSHKILL OUTREACH PROGRAM,publish,bushkill-outreach-program,Tuesday - Thursday 9:00 AM - 12:00 PM - except 5th week of the month,,0,2024-09-12 14:09:44,Lehman Township Community Park,168 Lehman Park Road,Bushkill,,18324,United States,US,41.093947,-75.001012,,(570) 588-0660,,,,0,Food Pantry894,WEATHERLY PANTRY,publish,weatherly-pantry,"January - October: 4rd Saturday; 10:00 AM - 12:00 PM

November - December: 3rd Saturday; 10:00 AM - 12:00 PM

&nbsp;",,0,2024-09-12 14:09:44,335 3rd Street,,Weatherly,,18255,United States,US,40.939893,-75.824432,,(570) 926-0505,,,,0,Food Pantry896,SUMMIT HILL PANTRY,publish,summit-hill-pantry,4<sup>th</sup> Tuesday of every month from 9 am – 12 pm,,0,2024-09-12 14:09:44,1 West Hazard Street,,Summit Hill,,18250,United States,US,40.826554,-75.871924,,(570) 645-3604,,,,0,Food Pantry904,LANSFORD PANTRY,publish,lansford-pantry,3rd Monday 7:30am-12pm,,0,2024-09-12 14:09:44,104 East Abbot Street,,Lansford,,18232,United States,US,40.830251,-75.881336,,(570) 645-3426,,,,0,Food Pantry903,TRINITY LUTHERAN PANTRY,publish,trinity-lutheran-pantry,"Every Tuesday 10:00 AM - 3:00 PM

Third Tuesday of the month 5:30 PM - 7:00 PM",,0,2024-09-12 14:09:44,175 South Third Street,,Lehighton,,18235,United States,US,40.831727,-75.711503,,(610) 377-4303,,,,0,Food Pantry895,TRESCKOW FOOD PANTRY,publish,tresckow-food-pantry,2nd Saturday 10 am - 12 pm,,5,2024-09-12 14:09:44,1 E. Maple St.,,Tresckow,,18254,United States,US,40.912574,-75.968561,,(570) 582-8353,,,,0,Food Pantry902,ZION DELLY BERGER FOOD PANTRY,publish,zion-feed-a-neighbor,Last Thursday of the month 5-6:30 PM,,5,2024-09-12 14:09:44,225 Iron Street,,Lehighton,,18235,United States,US,40.831327,-75.710881,,(610) 704-4452,,,,0,Food Pantry901,ST. PETERS CHRISTIAN REFORMED CHURCH,publish,st-peters-crc,4th Saturday 10:00 AM - 1:00 PM,,4,2024-09-12 14:09:44,177 Main Street,,Lehighton,,18235,United States,US,40.830326,-75.697523,,(484) 464-4474,,,,1212,Food Pantry900,LIGHTHOUSE BAPTIST,publish,lighthouse-baptist,1st Saturday 9:00AM-12:00PM    3rd Wednesday  4:00PM-7:00PM,,0,2024-09-12 14:09:44,1349 Green Street,,Lehighton,,18235,United States,US,40.878299,-75.635494,,(610) 377-0641,,,,0,Food Pantry899,NESQUEHONING PANTRY,publish,nesquehoning-pantry,3rd Thursday 1:00 - 3:30 PM,,0,2024-09-12 14:09:44,126 West Catawissa Street,,Nesquehoning,,18240,United States,US,40.863651,-75.813633,,(570) 669-9212,,,,0,Food Pantry898,SACRED HEART SVDP SOCIETY,publish,sacred-heart-svdp,As needed / by appt,,0,2024-09-12 14:09:44,243 Lafayette Avenue,,Palmerton,,18071,United States,US,40.803493,-75.612752,,(610) 826-2335,,,,0,Food Pantry897,PALMERTON (CACPAC),publish,palmerton-cacpac,4th Friday 8:00 AM - 3:30 PM,,0,2024-09-12 14:09:44,2915 Fireline Road,,Palmerton,,18071,United States,US,40.811373,-75.618618,,(610) 377-4768,,,,0,Food Pantry883,THE LORDS CUPBOARD,publish,the-lords-cupboard,1st &amp; 3rd Tuesday 4:00 - 6:00 PM,,0,2024-09-12 14:09:43,700 Hammond Lane,,Stroudsburg,,18360,United States,US,40.995504,-75.226889,,(570) 420-8196,,,,0,Food Pantry882,STROUDSBURG WESLEYAN,publish,stroudsburg-wesleyan,"Friday; 5:00 - 6:00 PM

Call for emergency food.

&nbsp;",,0,2024-09-12 14:09:43,915 5th Street,,Stroudsburg,,18360,United States,US,40.998365,-75.195443,,(570) 421-0750,,,,0,Food Pantry|Soup Kitchen881,EGLISE EV DE LA RENAISSANCE,publish,eglise-ev-de-la-renaissance,"Saturday 9:00 AM - 12:00 PM, and emergency calls if needed",,0,2024-09-12 14:09:43,129 Lower Swiftwater Road,,Swiftwater,,18370,United States,US,41.095385,-75.325668,,(570) 895-2344,,,,0,Food Pantry880,POCONO MOUNTAIN ECUMENICAL,publish,pocono-mountain-ec,1st Wednesday & 1st Saturday 9:00 AM - 12:00 PM,,0,2024-09-12 14:09:43,5570 Municipal Drive,,Tobyhanna,,18466,United States,US,41.170771,-75.406314,,(570) 894-2072,,,,0,Food Pantry863,NORTHAMPTON AREA FOOD BANK,publish,northampton-area,"1st, 2nd, &amp; 3rd Thursday; 5:00 - 7:00 PM;

2nd &amp; 3rd Saturday; 9:30 AM - 12:00 PM",,0,2024-09-12 14:09:43,1601 Canal Street,,Northampton,PA,18067,United States,US,40.682307,-75.498263,,(610) 262-8030,,,,0,Food Pantry864,CHRIST'S CHURCH AT LOWHILL,publish,christs-church-at-lowhill,"1st Saturday 9:00 - 11:00 AM, 3rd Thursday 4:00 - 6:30 PM",,0,2024-09-12 14:09:43,4695 Lowhill Church Road,,New Tripoli,,18066,United States,US,40.644635,-75.685638,,(610) 298-2054,,,,0,Food Pantry865,BETHEL BIBLE FELLOWSHIP,publish,bethel-bible-fellowship,"1st and 3rd week of the month on Tuesdays from 10-12 and Wednesday 12-2

&nbsp;",,0,2024-09-12 14:09:43,418 Elm Street,,Emmaus,,18049,United States,US,40.537588,-75.494674,,(610) 965-2682,,,,0,Food Pantry866,BETTY LOU'S PANTRY,publish,betty-lous-pantry,"<!-- wp:paragraph -->
<p>2nd and 4th Sat 8:30AM-11AM; Weds after 1st distribution 5PM-6PM</p>
<!-- /wp:paragraph -->",,5,2024-09-12 14:09:43,538 Thomas Street,,Coopersburg,,18036,United States,US,40.511957,-75.385828,,(610) 282-2838,,,,0,Food Pantry867,CATASAUQUA AREA FOOD BANK,publish,catasauqua-area,Wednesday & Friday 3:00 - 4:00 PM,,0,2024-09-12 14:09:43,527 Front Street,,Catasauqua,,18032,United States,US,40.654067,-75.47524,,(610) 264-8366,,,,0,Food Pantry868,BATH FOOD PANTRY,publish,bath-food-pantry,"

<!-- wp:paragraph -->
<p>2nd Tuesday 9:30 - 11:00 AM &amp; 6:00 - 7:00 PM</p>
<!-- /wp:paragraph -->

<!-- wp:paragraph -->
<p></p>
<!-- /wp:paragraph -->",,4,2024-09-12 14:09:43,206 East Main Street,,Bath,,18014,United States,US,40.724652,-75.390942,,484-597-2105,,,,0,Food Pantry869,MISSION OF LOVE FOOD HUB,publish,pcct-pen-argyl,Tuesday 9-12,,4,2024-09-12 14:09:43,555 North Main Street,,Bangor,PA,18072,United States,US,40.872591,-75.208072,,(610) 807-7794,,,,0,Food Pantry870,SLATER FAMILY NETWORK,publish,slater-family-network,Monday - Friday; 8:00 AM - 2:00 PM. Call first for appointment.,,0,2024-09-12 14:09:43,267 Five Points Richmond Road,,Bangor,,18013,United States,US,40.880515,-75.151491,,(610) 599-7019,,,,0,Food Pantry871,PEACE OF MIND FOOD PANTRY,publish,peace-of-mind-food-pantry,1st Saturday; 11:00 AM - 1:00 PM,,0,2024-09-12 14:09:43,515 Main Street,,Gouldsboro,,18424,United States,US,41.24509,-75.456349,,(570) 842-6409,,,,0,Food Pantry879,COMMON GROUND MINISTRY,publish,common-ground-ministry,"Rotating locations - mobile distribution.

Call for details.",,5,2024-09-12 14:09:43,121 Berwick St,,Beaver Meadows,,18216,United States,US,41.139108,-75.360377,,(570) 801-2699,,,,0,Food Pantry878,FEEDING FAMILIES,publish,feeding-families,Thursday & Friday 1:00 - 3:00 PM,,0,2024-09-12 14:09:43,354 Route 611,,Tobyhanna,,18321,United States,US,41.17383,-75.418361,,(570) 977-3702,,,,0,Food Pantry877,PLEASANT VALLEY ECUMENICAL,publish,pleasant-valley-ecumenical,"<!-- wp:paragraph -->
<p>Tuesday; 9:00 - 11:00 AM</p>
<!-- /wp:paragraph -->

<!-- wp:paragraph -->
<p>2nd Saturday; 9:00 - 11:00 AM</p>
<!-- /wp:paragraph -->

<!-- wp:paragraph -->
<p></p>
<!-- /wp:paragraph -->",,4,2024-09-12 14:09:43,2334 Route 209,,Sciota,,18353,United States,US,40.929294,-75.362631,,(570) 992-3136,,,,1212,Food Pantry876,HOLY TRINITY FOOD PANTRY,publish,holy-trinity-food-pantry,"Tuesday- Thursday, 9:00 AM - 12:00 PM - By Appointment Only

&nbsp;",,4,2024-09-12 14:09:43,103 Delaware Crest,,Dingmans Ferry,,18328,United States,US,41.236056,-74.897447,,(570) 828-7411,,,,1212,Food Pantry875,PIKE ECUMENCIAL FOOD PANTRY,publish,pike-ecumencial,"<span data-teams=""true"">Pantry Hours: Friday 12 pm-1:30 pm and 6:30 pm- 7:30 pm</span>",,5,2024-09-12 14:09:43,321 5th Street,,Milford,,18337,United States,US,41.323671,-74.801875,,(570) 618-1568,,,,0,Food Pantry874,HAMLIN ASSEMBLY OF GOD FOOD PANTRY,publish,hamlin-assembly-of-god-fp,4th Monday; 6:30- 8:00 PM,,4,2024-09-12 14:09:43,613 Easton Turnpike,,Hamlin,,18427,United States,US,41.406188,-75.399381,,(570) 689-2630,,,,1212,Food Pantry873,LAKEVILLE FOOD PANTRY,publish,lakeville-food-pantry,4th Thursday; 10:00 AM - 2:00 PM,,0,2024-09-12 14:09:43,25 Daniels Road,,Lakeville,,18438,United States,US,41.441679,-75.272765,,(570) 226-3115,,,,0,Food Pantry844,BETHLEHEM SALVATION SOUP KITCHEN**,publish,bethlehem-salvation-s-k,"Monday - Thursday by appointment and walk ins

*Soup Kitchen*",,0,2024-09-12 14:09:42,521 Pembroke Road,,Bethlehem,Pennsylvania,18018,United States,US,40.627119,-75.365983,,(610) 867-4681,,,,0,Soup Kitchen851,ST. ELIZABETH / ST. JOSEPH,publish,st-elizabethst-joseph,2nd & 4th Saturday 9:00 - 10:00 AM,,0,2024-09-12 14:09:42,260 North Lehigh Avenue,,Wind Gap,,18091,United States,US,40.851733,-75.286519,,(610) 863-7542,,,,0,Food Pantry850,CATHOLIC CHARITIES **,publish,catholic-charities,"Friday and Monday 12:30 - 1:30 PM

To-go lunches only; no congregate dining.

*Soup Kitchen*",,0,2024-09-12 14:09:42,179 Chew Street,,Allentown,PA,18102,United States,US,40.610093,-75.461258,,(610) 390-5638,,,,0,Soup Kitchen848,LEHIGH COUNTY CONFERENCE OF CHURCHES SOUP KITCHEN**,publish,lccc-soup-kitchen,"Monday - Friday; 8:00 - 9:00 AM &amp; 12:00 - 1:00 PM

*Soup Kitchen*",,0,2024-09-12 14:09:42,457 W. Allen Street,,Allentown,PA,18102,United States,US,40.606861,-75.471305,,(610) 462-4984,,,,0,Soup Kitchen847,CHRIST CHURCH OF BATH**,publish,christ-church-of-bath,"Saturday 12:00 - 1:00 PM (mulitiple locations, call for site)

*Soup Kitchen*","Saturday 12:00 - 1:00 PM (mulitiple locations, call for site)

*Soup Kitchen*",4,2024-09-12 14:09:42,109 South Chestnut Street,,Bath,PA,18014,United States,US,40.726842,-75.393544,,(610) 837-0345,,,,0,Soup Kitchen846,NEW BETHANY SOUTHSIDE DROP-IN CENTER**,publish,new-bethany-ministries,Monday - Friday; 9-10 - Breakfast and 12-1 - Lunch,,5,2024-09-12 14:09:42,341 W 4th Street,,Bethlehem,PA,18015,United States,US,40.61038,-75.38427,,(610) 691-5602,,,,0,Soup Kitchen845,CHRIST CHURCH UCC**,publish,christ-church-ucc,"Saturdays 12-1

*Soup Kitchen*",,0,2024-09-12 14:09:42,75 East Market Street,,Bethlehem,PA,18018,United States,US,40.621137,-75.375906,,(610) 865-6565,,,,0,Soup Kitchen852,HOPE UNITED CHURCH OF CHRIST,publish,hope-ucc,Every other Monday 5:00 - 7:00 PM,,0,2024-09-12 14:09:42,701 Cherry Street,,Wind Gap,,18091,United States,US,40.8387,-75.289764,,(610) 863-4474,,,,0,Food Pantry853,WHITEHALL FOOD PANTRY AT ST. STEPHENS,publish,st-stephens-pantry,"Monday evenings 6-8
By Appointment Only",,0,2024-09-12 14:09:42,3900 Mechanicsville Road,,Whitehall,PA,18052,United States,US,40.647647,-75.510343,,(484) 246-5715,,,,0,Food Pantry854,ST. PAUL UNITED CHURCH OF CHRIST TREXLERTOWN,publish,st-paul-ucc-trexlertown,Tuesdays 10:00 AM - 12:00 PM,,0,2024-09-12 14:09:42,1249 Trexlertown Road,,Trexlertown,,18087,United States,US,40.543944,-75.604042,,(610) 395-4571,,,,0,Food Pantry858,PUMP,publish,pump,"<p>Every Monday; 8:30 - 11:30 AM </p>

<!-- wp:paragraph -->
<p></p>
<!-- /wp:paragraph -->",,5,2024-09-12 14:09:42,111 State Street,,Portland,,18351,United States,US,40.920677,-75.097553,,(570) 897-5847,,,,0,Food Pantry862,ZIONSVILLE AREA FOOD PANTRY,publish,zionsville-area,"2nd Monday of the month 4:00-6:00 PM
Saturday of that same week 10:00 AM – Noon",,0,2024-09-12 14:09:42,5901 Old Kings Highway South,,Old Zionsville,,18068,United States,US,40.486624,-75.520849,,(610) 554-8340,,,,0,Food Pantry861,JORDAN LUTHERAN CHURCH,publish,jordan-lutheran-church,"1st &amp; 3rd Monday; 9:00 - 11:00 AM

1st Wednesday; 6:00 - 7:00 PM",,0,2024-09-12 14:09:42,5103 Snowdrift Road,,Orefield,,18069,United States,US,40.613104,-75.585292,,(610) 395-5912,,,,0,Food Pantry860,KINGDOM LIFE FAMILY CENTER,publish,kingdom-life-family-center,Second Saturday of the month 8:30- 10:30,,0,2024-09-12 14:09:42,4333 Lime Kiln Road,,Orefield,,18069,United States,US,40.630947,-75.575288,,(610) 398-0111,,,,0,Food Pantry859,BENDERS MENNONITE,publish,benders-mennonite,3rd Saturday 9:00 - 11:00 AM,,0,2024-09-12 14:09:42,975 Benders Church Road,,Pen Argyl,PA,18072,United States,US,40.819885,-75.252736,,(610) 863-9114,,,,0,Food Pantry857,PROVIDENCE PRESBYTERIAN CHURCH,publish,providence-pres-church,By appt,,0,2024-09-12 14:09:42,2200 Krammes Road,,Quakertown,,18951,United States,US,40.431097,-75.431324,,(215) 536-2881,,,,0,Food Pantry855,NORTHERN LEHIGH,publish,northern-lehigh,"1st, 2nd, &amp; 3rd Thursday 4:00 - 6:00 PM;

2nd and fourth Monday 1-3

Last Saturday of the month; 9:30 AM - 12:00 PM

Call for additional hours",,4,2024-09-12 14:09:42,7884 Center Street,,Slatington,,18080,United States,US,40.745862,-75.636106,,(610) 767-9525,,,,1212,Food Pantry831,Parkland CARES Food Pantry,publish,parkland-c-a-r-e-s-food-pantry-2,"<p><span data-olk-copy-source=""MessageBody"">Please visit <a href=""http://parklandcaresfp.org"">parklandcaresfp.org</a> for information on Open Pantry hours and reservation information.</span></p>

<!-- wp:paragraph -->
<p></p>
<!-- /wp:paragraph -->",,5,2024-09-12 14:09:41,"5074 Kernsville Rd, Unit #3 (Downstairs)",,Orefield,PA,18069,United States,US,40.632811,-75.597484,,(484) 656-5277,,,,1212,Food Pantry830,DAMASCUS PANTRY,publish,damascus-pantry,"3rd Thursday of the month 1:00 - 3:00 PM

Call if you are in need of emergency food.",,4,2024-09-12 14:09:41,"60 Conklin Road, Damascus",Damascus Township Building,Damascus,PA,18415,United States,US,41.704606,-75.076628,,570-224-4217,,,,1212,Food Pantry829,HONESDALE FOOD PANTRY,publish,honesdale-food-pantry,2nd Tuesday of the month 10:00 AM - 1:00 PM,,4,2024-09-12 14:09:41,"Route 6, 214 Willow Avenue",Tri County Beverage (rear of building),Honesdale,PA,18431,United States,US,41.565259,-75.250749,,570-253-4262,,,,1212,Food Pantry828,LAKEWOOD PANTRY,publish,lakewood-pantry,"3rd Wednesday of the month 12:30 - 2:30 PM

Call if you are in need of emergency food.",,0,2024-09-12 14:09:41,412 Como Road,Northern Wayne Health Center,Lake Como,PA,18437,United States,US,41.849661,-75.337847,,570-798-2229,,,,0,Food Pantry827,NEWFOUNDLAND PANTRY,publish,newfoundland-pantry,2nd Friday of the month 11 AM - 1:00 PM,,0,2024-09-12 14:09:41,"Route 191, 899 Main Street",Dreher Township Municipal Building,Newfoundland,PA,18445,United States,US,41.30291,-75.322496,,570-253-4262,,,,0,Food Pantry826,JOHN MORRELL FOOD PANTRY,publish,john-morrell-food-pantry-2,1st and 3rd Saturday; 10:00 - 11:30 AM,,4,2024-09-12 14:09:41,224 W. Susquehanna Street,,Allentown,PA,18103,United States,US,40.590235,-75.456759,,484-347-3834,,,,0,825,CENTRAL PROVISION,publish,central-assembly-of-god-2,Every other Monday; 5:00 - 6:30 PM - Call to confirm open Mondays.,,5,2024-09-12 14:09:41,1300 Eaton Avenue,,Bethlehem,Pennsylvania,18018,United States,US,40.633754,-75.400629,,610-865-0577,,,,0,Food Pantry824,MARVINE ELEMENTARY FOOD PANTRY,publish,marvine-elementary-food-pantry,Monday - Friday; 9:00 AM - 3PM,,0,2024-09-12 14:09:41,1161 Fritz Drive,,Bethlehem,Pennsylvania,18017,United States,US,40.63001,-75.352286,,610-865-0012,,,,0,Food Pantry838,COMMUNITY FOOD PANTRY & Soup Kitchen,publish,cresco-food-pantry,"<strong>First Thursday &amp; Second Wednesday 10-12, Every Friday 10-12 </strong>

<strong>PLEASE CALL FIRST </strong>",,0,2024-09-12 14:09:41,6048 Paradise Valley Road,,Cresco,,18426,United States,US,41.123272,-75.284222,,(570) 595-2000,,,,0,Soup Kitchen832,ST. JOHN'S UCC,publish,st-johns-ucc,4th Saturday of each month; 12:00 - 1:00 PM,,0,2024-09-12 14:09:41,183 S Broad St,,Nazareth,Pennsylvania,18064,United States,US,40.738446,-75.309068,,610-759-0893,,,,0,Food Pantry833,PANTHER VALLEY FOOD PANTRY,publish,panther-valley-food-pantry,4th Saturday; 10:30 AM - 1:00 PM,,4,2024-09-12 14:09:41,15 E. Ridge Street,,Lansford,PA,18232,United States,US,40.832484,-75.884031,,570-645-2212,,,,1212,Food Pantry834,GREATER SHILOH NORTH,publish,greater-shiloh-north-2,Second Tuesday of every month; 11am-4pm,,0,2024-09-12 14:09:41,831 B Ann Street,,Stroudsburg,PA,18360,United States,US,40.982197,-75.19694,,(570) 872-9571,,,,0,Food Pantry842,GREATER SHILOH**,publish,greater-shiloh,"Closed until further notice.

*Soup Kitchen*",,0,2024-09-12 14:09:41,548 Canal Street,,Easton,PA,18042,United States,US,40.682153,-75.219909,,(610) 252-5640,,,,0,Soup Kitchen841,ST. JOHNS EPISCOPAL CHURCH**,publish,st-johns-ep,"4th Thursday 4:00 - 6:00 PM, Every other Tuesday 4-6 only in the summer

*Soup Kitchen*

&nbsp;",,0,2024-09-12 14:09:41,365 Lafayette Avenue,,Palmerton,,18071,United States,US,40.804664,-75.610088,,(610) 826-2611,,,,0,Soup Kitchen840,EAST STROUDSBURG SALVATION ARMY**,publish,east-stroudsburg-salvation-army-2,"Second Wednesday of the Month

&nbsp;

*Soup Kitchen*

&nbsp;",,0,2024-09-12 14:09:41,226 Washington Street,,East Stroudsburg,,18301,United States,US,40.994836,-75.185326,,(570) 421-3050,,,,0,Soup Kitchen839,EAST STROUDSBURG UNITED METHODIST**,publish,east-stroudsburg-um,"Monday 4:30 - 6:00 PM &amp; Holidays 10:00 AM - 6:00 PM

*Soup Kitchen*",,0,2024-09-12 14:09:41,83 South Courtland Street,,East Stroudsburg,,18301,United States,US,40.997891,-75.18353,,(570) 421-3280,,,,0,Soup Kitchen843,SAFE HARBOR**,publish,safe-harbor,"Monday - Friday 9:00 AM - 3:00 PM (breakfast &amp; lunch)

*Soup Kitchen*",,0,2024-09-12 14:09:41,536 Bushkill Drive,,Easton,PA,18042,United States,US,40.693035,-75.215196,,(610) 258-5540,,,,0,Soup Kitchen837,SOUL WINNERS,publish,soul-winners,2nd &amp; 4th Saturday 12:00 - 3:00 PM,,0,2024-09-12 14:09:41,1913 Freemansburg Avenue,,Easton,PA,18042,United States,US,40.682874,-75.239398,,(484) 542-8208,,,,0,Food Pantry836,ALLENTOWN WEST SDA,publish,allentown-west-sda-2,"2nd Wednesday; 4:00 - 6:00 PM

&nbsp;",,0,2024-09-12 14:09:41,2140 W. Tilghman Street,,Allentown,PA,18104,United States,US,40.603161,-75.506872,,(610) 435-6335,,,,0,Food Pantry835,JO'S OUTREACH,publish,jos-outreach-2,"&nbsp;

Third Wednesday of the month and first Friday of the month, 9:00 AM - 12:00 PM

&nbsp;

&nbsp;",,0,2024-09-12 14:09:41,114 Academy Drive,,Minisink Falls,PA,18324,United States,US,40.997562,-75.133331,,(570) 242-3663,,,,0,Food Pantry816,LORD VALLEY COMMUNITY CHURCH FOOD PANTRY,publish,lord-valley-community-church-food-pantry-2,2<sup>nd</sup> Thursday of the month;  3:00 - 5:00 PM,,4,2024-09-12 14:09:40,707 Route 739,,Lords Valley,PA,18428,United States,US,41.344042,-75.043729,,570-493-1645,,,,0,815,ECUMENICAL PANTRY OF PIKE COUNTY,publish,ecumenical-pantry-of-pike-county-2,"Every Friday, 12:00 -1:30pm &amp; 6:30-8:00pm",,0,2024-09-12 14:09:40,321 5th St,,Milford,PA,18337,United States,US,41.324016,-74.803689,,570-296-8123,,,,0,814,LORDS VALLEY COMMUNITY CHURCH / HANDS OF HOPE OF PIKE COUNTY,publish,lords-valley-community-church-hands-of-hope-of-pike-county-2,"2nd Thursday of the month, 3:00 - 5:00pm",,4,2024-09-12 14:09:40,707 Route 739,Suite 3,Lords Valley,PA,18428,United States,US,41.344042,-75.043729,,570-493-1645,,,,0,812,PROMISE FOOD & WELLNESS CENTER,publish,promise-food-2,"Wed - Fri 4-7, 1st &amp; 3rd Saturday 9-12

Must order online at https://www.orderahead.org/",,4,2024-09-12 14:09:40,1227 W Gordon St Suite C 41,,Allentown,PA,18102,United States,US,40.604752,-75.486411,,484-229-4388,,,https://www.orderahead.org/,1212,809,LIVING CHRIST CHAPEL,publish,living-christ-chapel-3,"Open Mondays from 4:30-6:45 PM

Bring your own bag or box.",,4,2024-09-12 14:09:40,429 Long Meadow Rd,,Milford,PA,18337,United States,US,41.267793,-74.885753,,,,,,1212,811,FOUNTAIN HILL GROCERY PARTNERSHIP,publish,fountain-hill-grocery-partnership-2,Wednesdays 10AM - 12PM &amp; 4PM - 6PM,,4,2024-09-12 14:09:40,1330 Church St,,Fountain Hill,PA,18015,United States,US,40.598545,-75.396515,,610-865-5881 x29010,,,,0,818,IGLESIA RESTAURACION UNIDOS EN CRISTO FOOD PANTRY,publish,iglesia-restauracion-unidos-en-cristo-food-pantry-2,Every Saturday; 10 - 11 AM,,4,2024-09-12 14:09:40,34 S. 10th Street,,Allentown,PA,18102,United States,US,40.599537,-75.47769,,(347)-400-2637,,,,0,819,WHITEHALL COPLAY HUNGER INITIATIVE (WCHI) FOOD PANTRY,publish,whitehall-coplay-hunger-initiative-wchi-food-pantry-2,"Hours by Appointment Only
2nd and 3rd Thursdays
9:30 am-1 PM and 4:30-7 PM</p>
Visit: <a href=""https://www.whitehallcoplayhungerinitiative.org/"">https://www.whitehallcoplayhungerinitiative.org/</a> for more info",,4,2024-09-12 14:09:40,3024 S Ruch St.,,Whitehall,PA,18052,United States,US,40.665824,-75.503416,,484-225-0358,,,,1212,Food Pantry821,LAKEVILLE UMC FOOD PANTRY,publish,lakeville-umc-food-pantry,Every other Friday - Call for details.,,0,2024-09-12 14:09:40,431 Purdytown Pike,,Lakeville,Pennsylvania,18438,United States,US,41.441003,-75.270382,,570-226-6713,,,,0,Food Pantry822,GROWING LACKAWAXEN,publish,growing-lackawaxen,4th Saturday; 8:00 - 11:00 AM,,0,2024-09-12 14:09:40,169 Urban Road,,Hawley,Pennsylvania,18428,United States,US,41.487983,-75.07056,,570-685-2273,,,,0,Food Pantry823,HONESDALE SALVATION ARMY,publish,honesdale-salvation-army,"Monday , Tuesday &amp; Thursday | 10:00 AM - 1:00 PM
and 2nd Friday of each month | 5:00 - 7:00 PM",,0,2024-09-12 14:09:40,231 Sunrise Avenue,,Honesdale,Pennsylvania,18431,United States,US,41.554522,-75.249125,,570-352-3435,,,,0,Food Pantry820,WHITEHALL COPLAY HUNGER INITIATIVE (WCHI) SOUP KITCHEN,publish,wchi-soup-kitchen,*Temporarily Closed*,,4,2024-09-12 14:09:40,Location changes each month,,Whitehall,PA,18052,United States,US,40.619468,-75.479489,,610-730-8067,,,,1212,Soup Kitchen817,HEMLOCK FARMS FOOD PANTRY,publish,hemlock-farms-food-pantry-2-2,3<sup>rd</sup> Monday of the month;  4:00  -6:30 PM &amp; Available by appointment except on Tuesdays,,4,2024-09-12 14:09:40,98 Willow Rd,,Hawley,PA,18324,United States,US,41.335419,-75.045029,,570-775-6787,,,,0,191,Living Christ Chapel,draft,living-christ-chapel,,,4,2024-05-13 17:53:20,429 Long Meadow Rd,,Milford,PA,18337,United States,,41.267793,-74.885753,,,,,,0,798,ECUMENICAL PANTRY OF PIKE COUNTY,publish,ecumenical-pantry-of-pike-county,"Every Friday, 12:00 -1:30pm &amp; 6:30-8:00pm",,4,0000-00-00 00:00:00,321 5th St,,Milford,PA,18337,United States,US,41.324016,-74.803689,,570-296-8123,,,,0,